Time_s,,,F1_Hz,,,F2_Hz,,,F3_Hz,,,F4_Hz
24.954348,,,468.459814,,,1325.207635,,,2221.425619,,,3313.039226
24.960598,,,469.975304,,,1313.719578,,,2283.111103,,,3372.39517
24.966848,,,489.576846,,,1303.20294,,,2277.897273,,,3437.682445
24.973098,,,478.623524,,,1288.0628,,,2268.984143,,,3415.639309
24.979348,,,484.613811,,,1286.807737,,,2285.609572,,,3453.709141
24.985598,,,462.111272,,,1256.452096,,,2263.747282,,,3456.967803
24.991848,,,456.017506,,,1222.589822,,,2269.201949,,,3462.128142
24.998098,,,469.745609,,,1219.142625,,,2261.961621,,,3463.891788
25.004348,,,472.258503,,,1284.666942,,,2258.774107,,,3463.043751
