Time_s,,,F1_Hz,,,F2_Hz,,,F3_Hz,,,F4_Hz
19.975836,,,446.283425,,,1910.438848,,,2922.038676,,,4253.252195
19.982086,,,438.932316,,,1903.89683,,,2903.077109,,,4260.99212
19.988336,,,434.911037,,,1874.427251,,,2881.496287,,,4256.914729
19.994586,,,441.926381,,,1843.071146,,,2868.674926,,,4219.766499
20.000836,,,447.315041,,,1829.676055,,,2881.420979,,,4219.988485
20.007086,,,469.060219,,,1800.962593,,,2896.44696,,,4314.679695
20.013336,,,430.754838,,,1764.565477,,,2873.118526,,,4331.864811
