Time_s,,,F1_Hz,,,F2_Hz,,,F3_Hz,,,F4_Hz
16.958394,,,481.476717,,,1741.616763,,,2843.353184,,,3562.941719
16.964644,,,420.651311,,,1560.878221,,,2776.032672,,,3541.228602
16.970894,,,404.466203,,,1535.527096,,,2721.158949,,,3581.28979
16.977144,,,322.036601,,,1512.812089,,,2714.704326,,,3649.104336
16.983394,,,309.9585,,,1411.951343,,,2705.159473,,,3646.53018
16.989644,,,331.545,,,1476.434115,,,2727.762606,,,3662.100133
16.995894,,,276.159115,,,1479.351782,,,2757.139202,,,3682.868154
17.002144,,,238.383529,,,1506.63612,,,2739.600506,,,3683.372848
17.008394,,,300.705265,,,1481.342163,,,2761.73566,,,3661.301568
