Time_s,,,F1_Hz,,,F2_Hz,,,F3_Hz,,,F4_Hz
18.71304,,,465.996895,,,2061.417574,,,3187.06141,,,4228.806008
18.71929,,,472.423203,,,2038.272563,,,2268.727925,,,4298.347171
18.72554,,,484.380281,,,1924.707195,,,2751.391642,,,4374.497459
18.73179,,,498.008153,,,1882.652336,,,2765.02033,,,4378.85289
18.73804,,,505.68356,,,1795.188418,,,2742.837349,,,4434.893317
18.74429,,,502.609523,,,1872.751635,,,2808.203345,,,4442.589697
18.75054,,,489.96272,,,1768.614774,,,2785.104466,,,4468.325064
