Time_s,,,F1_Hz,,,F2_Hz,,,F3_Hz,,,F4_Hz
17.821368,,,1721.017038,,,2601.960641,,,3413.338464,,,5044.335511
17.827618,,,1698.156696,,,2563.878148,,,3375.563012,,,5010.051518
17.833868,,,271.051538,,,1782.675418,,,2517.034843,,,3364.551146
17.840118,,,321.186769,,,1731.187309,,,2512.319334,,,3417.169118
17.846368,,,359.376639,,,1707.017686,,,2477.85214,,,3458.052539
17.852618,,,329.863151,,,1681.191328,,,2476.958308,,,3520.883072
17.858868,,,309.605192,,,1666.475055,,,2477.465412,,,3589.700101
17.865118,,,250.035934,,,1590.957003,,,2771.172627,,,3688.149814
