Time_s,,,F1_Hz,,,F2_Hz,,,F3_Hz,,,F4_Hz
18.83179,,,2203.634702,,,2285.789713,,,3532.33181,,,4992.403167
18.83804,,,194.574126,,,2011.460328,,,2803.627514,,,3656.090456
18.84429,,,253.240392,,,1919.965686,,,2669.314752,,,3936.522433
18.85054,,,273.751035,,,1899.317758,,,2617.420699,,,4047.16894
18.85679,,,291.515289,,,1899.443941,,,2848.546557,,,4065.527941
18.86304,,,297.030074,,,1910.162817,,,3107.958239,,,3955.571503
18.86929,,,296.964583,,,1917.080638,,,3127.383957,,,4181.857045
18.87554,,,292.668112,,,1895.396978,,,2912.493218,,,4079.157158
18.88179,,,283.682425,,,1903.383703,,,2545.045835,,,3704.373079
