Time_s,,,F1_Hz,,,F2_Hz,,,F3_Hz,,,F4_Hz
24.785001,,,416.493198,,,1968.448138,,,2973.120562,,,4200.499391
24.791251,,,416.236893,,,1889.403929,,,2994.801493,,,4189.343397
24.797501,,,423.219832,,,1915.020487,,,3019.585942,,,4115.693788
24.803751,,,433.90551,,,1935.45362,,,3042.506756,,,4185.434545
24.810001,,,426.628709,,,1893.205963,,,3035.038638,,,4289.470755
24.816251,,,405.887056,,,1864.224325,,,3052.217937,,,4257.256998
24.822501,,,362.005704,,,1907.512665,,,3200.966946,,,4234.567062
24.828751,,,312.090583,,,1856.354513,,,3097.540363,,,4251.829883
