Time_s,,,F1_Hz,,,F2_Hz,,,F3_Hz,,,F4_Hz
17.537675,,,332.993123,,,1933.996064,,,2692.742987,,,3859.850741
17.543925,,,365.192301,,,1905.412804,,,2650.36131,,,3770.851943
17.550175,,,358.604121,,,1866.729621,,,2631.495672,,,3538.570838
17.556425,,,363.932829,,,1900.527136,,,2622.711285,,,3498.086947
17.562675,,,356.333846,,,1911.953507,,,2652.594538,,,3536.38489
17.568925,,,337.513394,,,1867.253865,,,2671.803301,,,3612.424451
17.575175,,,338.19987,,,1835.856851,,,2753.099054,,,4224.035421
