Time_s,,,F1_Hz,,,F2_Hz,,,F3_Hz,,,F4_Hz
14.203376,,,413.077549,,,2234.31518,,,2896.821238,,,4413.983709
14.209626,,,383.3838,,,2198.456095,,,2985.534594,,,4503.123638
14.215876,,,364.981235,,,2197.600444,,,3221.275579,,,4537.023025
14.222126,,,337.605143,,,2170.180799,,,3109.112473,,,4472.428392
14.228376,,,280.970569,,,2072.060566,,,2946.21652,,,4436.933274
14.234626,,,232.332538,,,2068.55412,,,3132.395318,,,4582.874682
14.240876,,,254.225056,,,2053.231942,,,3163.882529,,,4562.048547
