Time_s,,,F1_Hz,,,F2_Hz,,,F3_Hz,,,F4_Hz
18.506294,,,431.620072,,,2223.362088,,,2813.787124,,,3840.017953
18.512544,,,405.279091,,,2183.913085,,,2658.387165,,,3758.24995
18.518794,,,387.995874,,,2158.146225,,,2591.990511,,,3688.550592
18.525044,,,375.410225,,,2097.176695,,,2621.011607,,,3648.021021
18.531294,,,377.724948,,,2091.691888,,,2662.339632,,,3722.725459
18.537544,,,433.252039,,,2071.358416,,,2670.948358,,,3729.113981
18.543794,,,454.136869,,,2087.27542,,,2767.992779,,,3783.469423
18.550044,,,445.376221,,,2145.817594,,,2919.734383,,,3777.406477
18.556294,,,444.329998,,,2165.121305,,,2849.680017,,,3770.966008
