Time_s,,,F1_Hz,,,F2_Hz,,,F3_Hz,,,F4_Hz
20.112084,,,245.850886,,,1761.98555,,,2701.93158,,,3876.296073
20.118334,,,284.778805,,,1726.010045,,,2617.353204,,,3836.809815
20.124584,,,290.432406,,,1756.562091,,,2653.430251,,,3832.727498
20.130834,,,287.514335,,,1739.465709,,,2673.026571,,,3817.266565
20.137084,,,301.308468,,,1734.987514,,,2681.106942,,,3834.438714
20.143334,,,294.915684,,,1731.07892,,,2713.801343,,,3905.179439
20.149584,,,275.079069,,,1779.627784,,,2706.431687,,,3904.179008
20.155834,,,170.968701,,,1753.6536,,,2710.135709,,,3974.777792
20.162084,,,1749.580166,,,2571.622916,,,3993.535994,,,4953.964897
